Candidato,Partido,Votos
Michele Collins,PP,15357
Irmã Aimée,PSB,14338
Fred Ferreira,PSC,14277
Aderaldo Pinto,PSB,12767
Felipe Francismar,PSB,12183
Marília Arraes,PT,11872
Davi Muniz,PEN,11693
Natalia de Menudo,PSB,10277
Eduardo Marques,PSB,10177
Aline Mariano,PMDB,10139
Antonio Luiz Neto,PTB,9796
Professora Ana Lúcia,PRB,9538
Augusto Carreras,PSB,9162
Romerinho Jatobá,PROS,9088
Jadeval de Lima,PDT,8831
Andre Regis,PSDB,8702
Wanderson,PSC,8701
Jayme Asfora,PMDB,8657
Rinaldo Júnior,PRB,8604
Maguari,PSB,8366
Carlos Gueiros,PSB,8291
Marco Aurelio Meu Amigo,PRTB,7664
Marcos Di Bria,PSDC,7355
Prof. Jairo Britto,PT,7229
Chico Kiko,PP,7079
Almir Fernando,PC do B,6852
Eriberto Rafael,PTC,6158
Alcides Teixeira Neto,PRTB,6025
Romero Alburquerque,PP,5613
Gilberto Alves,PSD,5390
Aerto Luna,PRP,5216
Ivan Moraes,PSOL,5203
Dr Rogério Lucca,PSL,5093
Junior Bocão,PSDB,5063
Helio Guabiraba,PRTB,4836
Ricardo Cruz,PPS,4547
Rodrigo Coutinho,SD,4300
Renato Antunes,PSC,4261
Benjamim da Saúde,PEN,3772
Eduardo Chera,PDT,8255
Luiz Eustaquio,PSB,7544
Romildo Gomes,PSB,7003
Eurico Freire,REDE,6829
Vicente André Gomes,PSB,6205
Toinho do União,PSDC,5690
Wilton Brito,PP,5591
João da Costa,PT,5545
Oscar,PT,5533
Jurandir Liberal,PT,5531
Henrique Leite,PDT,5281
Isabella de Roldão,PDT,5125
Albanise,PSOL,4606
Rene Patriota,PV,4561
Marcos Menezes,PDT,4541
Josemi Simões,PSDC,4470
Alexandre Lacerda,PPL,4431
Albérisson Carlos,PSDB,4295
Fabio Gomes,PSD,4268
Samuel Salazar,PRTB,4252
Joselito Ferreira,PP,4250
Bruno Pinho Alves,PRTB,4217
Dra. Vera Lopes,PPS,4146
Vânio Silva,SD,3850
Marcos Justino,PRTB,3821
Zé Neto,PV,3766
Maria do Céu,PPS,3704
Henrique Seixas,PRTB,3687
Cida Pedrosa,PC do B,3682
Júnior de Cleto,PEN,3620
Eri,PSD,3599
Fernando Holanda,REDE,3480
Rodrigo Vidal,PSB,3290
Melqui Roma,PP,3232
Edson Barros,PRTB,2966
George Braga,PC do B,2937
Niel da Farmácia,PSB,2935
Flávia Santos,PSDC,2932
Terezinha Nunes,PSDB,2918
Dr. Antônio Stênio,PC do B,2902
Rogério Magalhães,DEM,2898
Goretti Queiroz,PR,2862
Manoel Pinheiro,PTC,2744
Augustinho Carrara,PSD,2726
Nelsinho,PTC,2689
Professor Paulo Roberto,SD,2680
Lula Legal,PEN,2667
Kazé,PEN,2598
Thiago Dias,PSDB,2587
Bione,PSOL,2570
Joaquim Pedro,PSDB,2554
Josias Amaral,PEN,2550
Danilo Alves,PRTB,2448
André Maciel,PEN,2441
Professor Erivelte,PRP,2437
Priscila Ferraz,PRTB,2347
Elias Francisco,PEN,2341
Thalles Cherles,PPL,2305
Eduardo Figueiredo,PSD,2298
Bira Tavares,PP,2290
Severino,PSOL,2287
Gustavo Gesteira,DEM,2230
Giroldo,PSDB,2200
Ronaldo Lopes,PSD,2142
Karla Falcão,PSL,2046
Ricardo Serralheiro,PSC,1920
Eduardo Amancio,PDT,1909
Professor Mirinho,PHS,1893
Henrique Conde,PTC,1892
Zezo Equipadora,PV,1717
Gabriel,PRTB,1709
Edson Alves,PTC,1695
Silano Barros,PC do B,1676
Irmão Valdemar Melo Taxista,PSC,1669
Bruno Reis,PRB,1667
Rico Show,PEN,1649
Josenildo Sinesio,SD,1621
Waldemis Ferreira,PC do B,1610
Alfredo Mariano,PRTB,1600
Cleto Correia,PSC,1590
Atravessando A Nado,SD,1580
Pedro Josephi,PSOL,1566
Ari Carvalho,PSC,1562
Geraldo Queiros,PSDC,1527
Renata André Gomes,PEN,1507
Elson Ótica,PRB,1507
Bob do Táxi,PRP,1494
Marco Será,PTC,1486
Luizinho da Funerária,PMN,1454
Prof. Zé Luís,PC do B,1447
Leo Cisneiros,PSOL,1390
Paulo Pacifico,PPL,1375
João Goteira,PRTB,1369
Gracinha Almeida,PPL,1368
Beatriz Vidal,SD,1355
Almir Vasconcelos,PR,1354
Felipe Ferreira Lima,PPS,1351
Nelio Fonseca,PSD,1336
Sandro Lima,PTC,1329
Henrique Marreco Leite,PSL,1328
Edilson do Metro,PTC,1311
Henrique Lima,PT,1253
Irmão Valmir,PSD,1250
Dário Pessoa,PEN,1223
Jelton,PEN,1214
Thiago Carvalho,PSOL,1197
Israel Vaz,PRTB,1192
Professor Edson Junior,PEN,1181
Noelia Brito,PMN,1177
Tassio Rennalli,PPL,1165
Neide Santana,PRTB,1157
Fillip da Farmácia,PSD,1154
Rufino,PRTB,1146
Mario Brasiliano,PSC,1146
Nido Poeirão,PSC,1133
Becinha,PSC,1127
Brivaldo Jatobá,PEN,1125
Jarlan,PRP,1090
Pedro Leão,PEN,1086
Dr. Elcio Cavalcanti,PP,1049
Suetonio de Brasilia Teimosa,PRTB,1040
Altair Ferreira,PEN,1019
Professor Jair,PROS,1013
Bruno Pantoja,PR,991
Sargento Assis,PEN,990
Edna Costa,PPL,987
Geraldo da Foto,PP,985
Angelo Lima,PTC,984
Guga Carvalho,PV,979
Hamilton Brito,PRTB,963
Pereira da União,PSC,936
Professor Murilo Mendonça,PEN,928
Luana Ramos,PTB,926
Leandro Boca,PSD,911
Neto Guerreiro,PPS,909
Murilo Vieira,PTC,908
Pink,PSC,901
Sergio Aroucha,PSD,885
Iremar Júnior,PRP,882
Washington Pm,PTC,873
Leo Cabeça,PSDB,862
Leandro Souza,REDE,862
Geferson Silva,SD,855
Rui Leite,PP,842
Irmão Ronaldo da Rádio,PSD,832
Marcos Ferreira,PT,824
Luiz Mario da Raio Laser,PSC,822
Fábio Assis,PV,816
Jurandir Paz Juba,PSC,807
Angela Dantas,PSD,803
Mauricio Lock Tudo,PRTB,795
Minininho,PRP,790
Rildo Accioly,PSDB,777
Mi,PP,757
Melka,PC do B,740
Sula Esporte,PSDC,730
Andréa Iglesias,DEM,728
Leo da Auto Escola,PTC,723
Hugo Mendes (bigode),PPL,722
Irmão Moisés Eurico,PTC,715
Fernando Santos,PPL,711
George Laranjeira Gibson,SD,709
Agostinho Ferraz,PTC,700
Ronald Oliveira,SD,697
Prof. Paulo Maciel,PSD,691
Alessandro Didi,PSC,682
Avelino Freire,PEN,669
Sargento Santiago,PSC,667
Igor Alves,PRP,664
Silvania Carrilho,PV,651
Sandra Pernambuco,PSC,650
Humberto do Marreta,PTB,648
Marinho Timbaúba,PHS,643
Erivaldo Arruda,PTB,641
Davi Valente,PSC,637
Paulinho do Bongi,PRTB,630
Cassius Guerra,DEM,626
Eduardo Gomes,PSDB,624
Diego Lagedo,DEM,623
Bel da Lojinha,PSC,622
Fabiano Leite,PEN,599
Prof. Elismário,PC do B,595
Fred Brennand,PPS,595
Lincoln Cabral,PTC,587
Dr. Haroldo Duarte,PSDB,587
Diego Frota,PSC,579
Dedé Barnabé,PRTB,578
Arinaldo Fulco Aba,PRP,568
Carlos Dutra Sopinha,PP,567
Júnior Viana,PRB,553
Dilson Costa,PRP,552
Márcio Puxador,PPL,551
Luciano Oliveira dos Mercados,PSC,549
Nuno Trigueiro,PV,546
Júnior Barros,SD,545
Batista,PP,545
Célia Santos,PHS,543
Nino Bike,PHS,543
Mecinho,PSDC,542
Marcela Marques,PC do B,541
Ademir Araujo Mestre Formiga,PPL,541
Nildo Regente,PSDC,538
Ednaldo Barros,PTC,534
Nadilene Ribeiro,PRP,529
Dalva da Escolinha,PRTB,523
Yra de Kassia (kassia da Ótica,DEM,522
Douglas Porto,PTC,520
Zé Gomes,PSOL,512
Alcimar Dias,PTC,511
Mário Gomes,PEN,510
Moura,PPL,507
Regi Avançar,PSC,504
Érico Santos,PPS,502
Hamilton Buarque,PV,489
Valdomiro Moraes,PRP,484
Poniel do Carangueijo,PSC,484
Edivaldo Valentin,PRP,481
Pedro Cavalcante,PT,478
Bibiu,PTC,478
Nelson Monteiro,PSDC,477
Marcos Palito,PPL,473
Suely Guimarães,SD,472
Paulo de Tassio,PSD,472
Neto da Saúde,PSDC,471
Marinaldo Vendedor,PSDB,470
Daniel Blay,PSDC,469
Zé da Rima,PSDC,463
Demar,PTC,460
Henrique,SD,459
Gleyson Luiz,PROS,455
Profº Marcos,PC do B,453
Ana Morais,PSC,450
Antonia Elizabete,PSOL,449
Amauri Souto,PSC,448
Everaldo Evangelista Nenê,PSC,448
Fellype Lira,PEN,447
Irmão Rolly,PRP,446
Marcelo Marujo,PSDB,445
Major Fentes,PSC,441
Ezequiel Gomes,PP,439
Delegado Paulo Jeann,REDE,433
Beto Ferraz,PHS,430
Pedro Luiz,PEN,415
Samuel Campos,PTC,414
Isaque Santana,PEN,410
Elpidio Araújo,SD,409
Lúcio Beltrão,PSDB,409
Anna Paula Carvalho,PV,409
Reginaldo Praticamente,PSC,408
Stênio Fonsêca,PEN,406
Gabriel Lima,PRP,406
Robson Protetico,PP,405
Piedade Buarque,PDT,403
Léo,PRB,402
Beline Lopes,PSDB,401
Rafa Lima,PSD,400
Alcinéa Padilha,PPS,398
Pastor Ailton,PC do B,394
Josué Augusto,PHS,393
Zé Roberto,PRP,392
Marinho Junior,SD,391
Pipita,PPS,391
Ricardo da Xerox,PTC,389
Flora Pimentel,PRP,388
Miranda Queza,PTC,385
Professor Luizinho,PRP,383
Elinaldo Alcides,PMN,380
Tarcis Guimarães,PRTB,379
Marquinho Taxista,PSL,375
Hugo Arcoverde,PP,375
André Inventor,PV,374
Jodileide Marques,PPL,374
Terezinha Rocha,PEN,373
Paulo Belence,PRP,372
Jailson,PSOL,372
Adrian Passos,SD,372
João Oliveira,PRTB,370
Levi Mesquita,PTB,370
Binho Souza,PRP,369
Silvio Lucena,PRTB,368
Raimundo Ferreira,PEN,367
Genilson Monteiro,PTC,362
Ricardo Bezerra,PSDC,360
Irmã Dinha,PEN,359
Lira Junior,SD,359
Jesus,PSC,358
Nevinha Silva,PRTB,356
Murilo Dias,PSL,354
Jefferson Cesar,PPS,354
Rubem Moraes,PRP,353
Assis Vigilante,PRTB,349
Isaac Nova Raça,PPL,342
Irmã Cristina,PRTB,341
Irmão Reginaldo,PC do B,339
Josenildo Tem Futuro,PHS,339
Coronel Guarines,SD,338
Sonia Lins,PSDC,336
Zé do Carmo,PRB,335
Shirlene Queiroz,PRP,333
Doutor Penha,PSD,331
Pastor Josuel Silva,PSDB,331
Zilda Corretora,PSDB,331
Italo Bruno,PSD,331
Pastor Fernando,SD,330
Léo Benevides,PHS,329
Missionaria Nay Ferreira,PSC,326
Andre Cabeleireiro,PSDC,325
Taxista Edilson Pedrinho,PPL,322
Geovane Barbosa,PRP,321
Afonso,PMN,320
Marli Maravilha,PV,319
Suzy do Sítio do Rosário,PSC,314
Kátia Gomes,PPS,310
Kinco,SD,308
Erivan Correia,PC do B,307
Darlan Braz Neto,DEM,307
Olga Câmara,PTB,304
Jamil Gomes,SD,304
Valter Afogados,PPL,303
Sergio do Camarão,PRP,302
Leandro Tenorio,PPL,302
Ray Ferreira,PSC,300
Professor Fernando Luiz,PDT,299
Prof. Pedro Monteiro,PHS,299
Alberico do Fiteiro,PSC,298
Avaneide Scanoni Neidinha,PTC,296
Waldyr Santos,PRP,296
Irá,PTC,293
Aquiles,PSC,292
Samuel Ferreira,PHS,290
Pitter Bull Cabelereiro,PPS,288
João Oseias,PSB,287
Pedro Silva,PRP,286
Lilika,PPL,285
Pedro Cabeleireiro,PPS,283
Aldemir Brasil,PC do B,282
Binha,PTC,282
Reginaldo Barboza - Regi,PRTB,281
Roberto Numeriano,PSOL,279
Hugo Lins,PSDB,279
Irmão Cicero,PHS,278
Eliseu Magno,PC do B,275
Enock Ramos,PMN,275
Varjal,PSOL,270
Professora Verônica Duarte,PC do B,268
Pastor Fabianno Felix,PSD,263
Leandra Silva,PRB,261
George Soares,PP,261
Marcos Andrade,PTC,260
Alexandre Bigode,PHS,259
Gildo Tv,PTC,257
Albérico Sigismundo,PSOL,254
Deyvson Nunes,PEN,250
Izaias Guimaraes,PTC,249
Ivonete Oliveira Nanete,PSC,248
Marcos Vieira,PRTB,248
Alencar,PRTB,247
Carlos Fernando,PRP,246
Professora Rosa,PSB,244
Cristiano Andrade,PMN,244
João Almeida,PHS,243
João Rafael,PPS,240
Genilson Pontes,SD,235
Sargento João Evangelista,PSDC,235
Walmir Locutor,PSDC,233
Washington Leandro,PRP,228
Val do Posto,PPS,227
Andréa May,PP,225
Wagner Rodrigues,PR,225
Sandro Ferraz,PPS,225
Van do Forró,PSD,225
Dilson Reis Filho,PSDB,224
Michelle de Afogados,PSDC,223
Waléria da Saúde,PEN,221
Rivaldo Figueiredo,PHS,221
Erivaldo Martins,PRB,220
Nilda,PSD,219
Hosana Jane,PEN,216
Henrique Florentino,PPL,216
Luiz Ignácio,PV,216
Abigail da Saúde,PSOL,215
Gerusa da Saúde,PSC,212
Tinho do Povo,PSC,211
Graça Vasconcelos,PV,210
Gemeos da Capotaria,PSD,207
Rita Lima,PSDB,204
Rileyde Almeida,PV,204
Claudio Cacau,PV,202
Margarete Medeiros,PSDC,200
Leonardo Quintas,PEN,200
Pastor Gerson Pereira,PEN,198
Marcilio Correria,PMN,197
Marcinho,PSOL,196
Dirceu,PRP,195
Daniel Cabeleireiro,PSDB,195
Xandy Show Lgbt,PC do B,195
Jonas Miguel,PRTB,195
Irmã Tia Nita,SD,195
Antonio Monteiro,SD,195
Luciano César,PEN,194
Mister N,PHS,194
Americo da Autoescola,PROS,192
Almir Barbosa,PP,191
Prof Aluizio Moreira,PCB,190
Otaviano Paulino,PTC,190
Nino da Barraca,PSDB,189
Adilson Bito,PSD,189
Nestor Ananias,PTC,188
Alexandre Diniz,REDE,187
Wilson Cardoso,PMN,187
Rodesio Fonseca,PPL,186
João Henrique,PSD,183
Rogerio Bênção,PPL,183
Wellington Futsal,PPL,181
Valdenio Dong,PRB,180
Eduardo Lacerda,PSB,179
Doda do Povo,PRB,179
Robson Leite,PPS,178
Mano Coragem,PRP,178
Lila da Varzea,PEN,177
Castro,PC do B,176
Azmazete Sena - Beeca,PDT,175
Marcos,PV,175
Fabiano,PSDB,174
Jair Pedro,PSTU,174
Carlos do Povão,PHS,174
Zenilda Lima,PT,173
Antonio Marcos do Pros,PROS,172
Professor Sorriso,PRB,171
Gecilene Valeria,PTC,170
Reginaldo Andrade,PPL,169
Felipe dos Santos,PHS,169
Rômulo Falcão,PV,169
Elza do Cepas,PSC,168
Profº Cícero Vieira,PC do B,167
Motoca,PSDB,167
Gilberto Marques,PSB,165
Everton Alan,PMN,165
Arlindo Macedo,PMN,162
Marco Bala,PSL,161
Diamante Negro,PMN,161
Nilson Luthier,PEN,160
Fabio Vinhaes,PDT,160
Oliveira,SD,159
Asafe Neves,PP,159
Paulinho da Vila dos Bancários,PSD,159
Paquito,PSD,159
Sargento Costa,PPS,157
Severino Billy,PTB,157
Professor Silvio Diniz,PSL,156
Lula Braz,PT,156
Suely Dantas,SD,156
Velho Barretto,PV,156
Elias Santos,REDE,155
Natanael Freitas,PPS,155
Pastor Jefferson Gomes,PSD,154
Ismael Rodrigues,PSDC,153
Marcos do Peixe,SD,152
Irmã Sofia,PMN,152
Henrique Bueirão,PROS,151
Professor Paulo Máximo,PEN,151
Irmã Ana,PEN,151
Antonio dos Milagres,PRTB,150
Luciano Cob,PRB,149
Nalva Castro,PTB,148
Jonatas Santos,SD,148
Sérgio Paulo,PV,148
Sanclair,PC do B,147
Higo Lira,PPS,147
Jose Alves,PMN,147
Fagner Valença,PRB,146
Valdelina,PRTB,145
Claudia Simone,SD,145
Eduardo Belmiro,PSDC,145
Marinheiro Popai,PMN,144
Agenor Pereira,DEM,143
Marcos André É Só Vitória,SD,142
Paulo Cavalcanti,PPS,142
Ivo Barros,PPS,141
Djalma Nunes,PRP,141
Rinaldo Db,SD,140
Rômulo Ferreira,PSC,140
Wesly Lins,PHS,140
Alexandre Rêgo,DEM,139
Junior Segurança,REDE,136
Katharyne França,PSDB,135
Bosco Cantor,PPS,134
Taciana Valença,PC do B,134
Jacó do Povo,PMN,134
Pr. Jorge Gloriona,SD,133
Josafa Ribeiro,PMN,133
Carreta,SD,132
Salome Nunes,PTC,132
Adriano Cordeiro,PV,132
Luciano Alto Astral,PEN,131
Claudio Pm,PPL,131
Deto,PHS,130
Cibele Reis,PPS,129
Mateus Seixas,PRP,129
Professora Arlete Moreira,PRP,128
Boneco,PSC,128
João do Morro,PSDC,128
Professor Helio Cabral,PSTU,128
Paco Fonseca,PPS,127
Janaina Biru-biru,PROS,126
Júlio Salgado,PRB,125
Gilmar da Silva,PTC,124
Rocha Monteiro,PPS,124
Fabio Moura,PSDC,124
Jana Matias,SD,124
Jura da Bica O Amolado,PP,123
Gg do Gás,PSDB,123
Beto Mototáxi,PV,123
Pastor Rilton Accioly,PMN,123
Ricardo Locadora,PSC,122
Machado,PV,122
Jota Justino,SD,121
Jorge Trajano,PSDC,120
Marcos Pedro,SD,120
Marcão Firma Chicago Motors,PSDB,120
Andre Café,PTC,120
Neyff Safo,PTB,119
Adeilton Silva,PSDB,119
Tomires Souza,PSC,118
Professor Sergio Silva,PRB,117
Irmão Adriano,PSL,116
Marcos Tomaz,PMN,116
Cláudio Chicão,PPS,115
Lucélia,PV,115
Professora Telma Aguiar,PSDB,114
Dayse Helena,PRP,114
Irmã Lúcia,SD,113
Djyjo,PPS,113
Cleberson Ferreira,PPS,111
Candido,PPS,110
Luciano Silva,PRTB,110
Pindoba,SD,110
Jaqueline Mô,PSC,110
Sanderson Borges,DEM,110
Suboficial Ramos,PTC,109
Negona Tia da Tropa Ls,PROS,109
Jeremias Feitosa,PMN,109
Edson Nego Bom,PRP,108
Irmão Rivaldo Filho,PPS,108
Monica Carvalho,PMN,108
Cicero Meu Lider,PP,107
Guga Oinho,PPS,107
Jurandir Albuquerque,PMN,106
Rogerio Bessa,PV,106
Ana Sampaio,PRP,105
Luciano Felix,REDE,105
Ana Lucena,PMN,105
Erton Serafim Araujo,PHS,105
Marcos de Oliveira,PRP,104
Rosa Maria,PPS,104
Demetrius Rezende,PPS,104
Evilazio Pastor Netinho,PMN,104
Leidinha,PHS,104
Ana Viana,PSD,103
Abraão Faisca,PSC,103
Professor Santana,PV,103
Ivanildo Pedro,PMN,103
Gracinha Pinheiro,PTC,102
Marcos Bombeiro,SD,102
Cristina Ramos,PEN,102
Irmão Vevel,PSDB,101
Gustavo Figueiredo,PV,101
Marinete Machado,PRP,100
Alexandre Costa Areia,PPL,100
Eduardo Cavalcanti,PP,99
Eliane Sena,PSDB,99
Pr.francisco Silva,PHS,99
Baldoino Braga,PPL,99
Xandão,DEM,99
Jessica Luiza,PMN,99
Bruna Roxinho,PSDC,98
Joab Ferreira,PHS,97
Carlos Eduardo,PSDB,96
Mary Menezes,PT,95
Irmã Rosane,PSD,95
Lana Valentim,PV,95
Luiz Florentino Ambientalista,PRP,94
Adeilton,PP,94
Jucelia Teté,PV,94
Jeová,PSDB,93
Lucas Estevão,PSD,93
Dr. Guido,PEN,92
Sandra Braga,PC do B,92
Monica Lima,PTC,92
Sérgio dos Metalúrgicos,PSOL,92
Lourdes Florentino,PSTU,92
Adriano Melcop,PT,91
Lourdinha Nobrega,PDT,91
Luciana Barros Caniço,PRP,91
Katia Nogueira,DEM,90
Missionaria Betania,PP,89
Arcilon Amorim,PV,89
Cristina Queiroz,PTC,88
Bibi Silva,SD,88
Wellington,PC do B,87
Zé Luiz,PHS,87
Ilka Griz,PRB,85
Dr. Abner,SD,85
Antonio Filho,PV,85
Professor Ted Willams,PPL,85
Fernando Drygala,SD,84
Wellington Mota,PRP,84
Roberto Santos,PRP,84
Kris França,PRP,84
Duda,PV,84
Pr. Félix Neto,SD,83
Professor Gilvan,PPL,83
Zé Lezinho,PRB,82
Fernando dos Mercados,PPL,82
China,PEN,81
Tia Nina,PPS,81
George Mendes,PCO,81
Rosa Marques,PTC,80
Romero Pereira,PSDB,80
Braz Filho,PSDC,80
Capelão Osvaldo,PPS,80
Profº Adelson Franca,PP,80
Mané da Copa,PV,80
Cláudio Queiroz,DEM,80
Pereirão,PSD,79
Branca,PPS,79
Rosane,PP,79
Carol de Graciete,SD,79
Berinho Santana,PP,79
Shirley França É de Coração,SD,79
Josy Santos,SD,79
Lindoso,PMN,79
Diogo Mc Intyre,PV,79
Marta Motoqueira,PSDC,78
Luiz Augusto,PCO,78
Nivaldo Lopes,PRP,77
Célia Alves,PPL,77
Tânia Borges,PRP,76
Marilene Costa,PSB,75
Maria José,PRP,75
Carlos Braz Indio,PTC,75
Lia da Macaxeira,PSD,75
Gibi do Coco,PPL,75
Irandi,PPS,74
Leticia Oliveira,PSOL,74
Erika Siqueira,PSL,74
Sandro Soares,PV,74
Lenildo Giliard,PV,73
Jorge da Saúde,PRB,72
Robson Rabelo,DEM,72
Jack Calado,PHS,72
Gildo dos Rodoviários,PPL,71
Micelia Simplicio,PSOL,70
Charles Heitor,PV,70
Professora Mônica,PSDC,69
Manoel Bastos Enfermeiro,PMN,69
Raul Schumacher,PMN,69
Elissandra Cabral,PSDB,68
Malba Bemvindo,PSDC,67
Bete,PEN,67
Irmã Luzinete,PSDB,67
Lourdes Cavalcanti do Posto,PRTB,66
Arlene,PPL,66
Luciana (nana),PPS,65
Cristiano Souza,PDT,65
Marcela Pérola Negra,PRTB,65
Jaqueline Carvalho,PPL,65
Miriam Cunha,PSB,64
Manoel Gusmão,PHS,64
Iara Paiva,PP,62
He-man,PV,62
Terezinha de Jesus,PSB,61
Agenor da Água,PPS,61
Kátia Sette,DEM,61
Jair Porfirio,PRP,60
Fernando Encarnação,PSD,59
Ramiro do Povo,PRP,59
Irmão Alexandre,PPL,59
Junior Pirro,DEM,59
Adriana Alves,PPS,58
Denny Michel,PTC,58
Vanessa Campos,PTC,58
Fabia,PSD,57
Capinha,PSL,57
Andre Luiz,PMN,57
Zé Carlos,PSDB,56
Maria Rita,PRTB,56
Robinho de Casa Amarela,PPS,56
Eja Miguel,PRP,56
Paula Fernandes,PSB,56
Eliane Lima,PTC,56
Raphaela Duarte,PTC,56
Caseli,PHS,56
Mago do Taxi,PPL,55
Ronaldo José de Lima,PC do B,54
Marthinha,PMN,54
Rafa Almeida,PV,54
Adeildo Queiros,PTB,53
Maria Helena Mendes,PV,53
Dione Moura,PSD,52
Irmã Didi,PRTB,50
Nilza,PSDC,50
Anderson Campos,PTC,50
Zenne Barros,PROS,49
Beto Miranda,PPL,49
Vera,PPL,48
Cristiano Silva Andrade,PV,48
Rhayssa de Andrade,DEM,48
Cassia Coelho,PP,47
Rejane Souza,SD,47
Luzinete,PPS,47
Lucineide Brasil A Rainha do B,PSDB,47
Débora Queiroz,PSDB,47
Guarda Roupa,PRTB,46
Ducarmo,PSB,46
Dalva Moura,PTC,46
Mario Rissin,PTC,46
Ralderes (negão da Sede),PPL,46
Santina,PV,45
Jurandy,PV,45
Toinho Amendoim,PRP,44
Ana Ligia,PSOL,44
Joseles Ribeiro,PSDC,44
Ceça da Lan House,PSC,44
Robertão,SD,43
Seu Roberto O Homem Certo,PTC,43
Fred do Metrô,PEN,43
Reinaldo Rivera,DEM,43
Sassá,PV,43
Anísio Arruda,PHS,43
Cantora Sandra Souza,PHS,43
Isaias Thomaz,PHS,43
Marney,PSOL,42
Prof Felipe Menezes,PSOL,42
Cassia Figueiredo,SD,41
Joab Henrique,PPS,41
Nado Mansinho,PSC,40
Mary,PPL,40
Eraldo do Côco,DEM,40
Humberto Sobrinho,PRTB,39
Matuto do Armazem,PSD,39
Tia Lucy,PPS,39
Eline Natalia,PPS,39
Zé do Oculos,PRP,38
Fernanda Rolim,SD,38
Cabuloso,PSL,38
Eliane,PPL,38
Fia Antonia Olivia,PSDB,37
Ana Paula,PRP,37
Carlos Siqueira,PSDC,37
Ada Beatriz,PMN,37
Graças Tiburcio,PSDB,36
Lucia Lucena,PSB,36
Davi da Refrigeração,SD,36
Natalício de Souza,SD,36
Pastor Charlles Braz,SD,36
Priu Duarte,PC do B,35
Bilinha,PRTB,35
Edson Santos,PRTB,35
Aidé Batista,PHS,35
Juscelino dos Rodoviários,PMN,35
Professor Joaquim Marques,PPS,34
Suzana Abreu,PTC,33
Cris Bautista,PRTB,32
Tony Claiton,PSDC,32
Rita de Cássia,PPL,32
Leandro Monteiro,PV,32
Wilma Linary,PSC,31
Elly Reis,PCO,31
Seu Coutinho,PSDB,30
Flavia Alves,PTC,30
Silva Junior,PC do B,29
Pastor Crhistian Lisboa,PPS,29
Vanda Silva,PSD,29
Fatima Castro,PHS,29
Marcilio Lessa,PSL,28
Nina,SD,28
Marcia Leite,PSD,28
Richard Pasquale,PT,28
Carla Lopes,DEM,28
Thiago Mágico,PPS,27
Prof. Cicero Inácio,PMN,27
Rose da Bomba,PPS,25
Antonio Salada,PV,25
Julio Moraes,PPL,25
Elisangela Maria,PPL,25
Jorginho das Pizzas,PHS,24
Any Pricscila,PHS,24
Zenilda,PSDB,23
Teca Cristina,PRTB,23
Alexandre Amaral,PHS,23
Sandra Lee,PC do B,22
Erika,PPS,22
Deyverson Freire,PV,22
Viviane Ferreira,PEN,21
Marcone José,PHS,21
Paulo Dias,PRB,20
Cida,PPL,20
Armando Monteiro,PV,20
Lidice Britto,PTC,19
Beatriz Simplicio,PPS,19
Izabelly Santos,SD,19
Roberta Moura,PRP,19
Paulo Selva,PMN,19
Jair Silva,PPL,19
Tavinho,PSDC,18
Kátia Cilene,PSDB,18
Adriane D'yewa,PSD,18
Priscila,PSOL,18
Romero Menor,PV,18
Ananias Salvador,PSDB,17
Professora Marytz,PEN,16
João Bené,PSD,16
Professora Elaine,PSDC,16
Eliane do Espetinho,SD,16
Mike Pereira,PHS,16
Pastor Jonathan,PPL,16
Brazuca,PSL,15
Washington de Souza,PPS,15
Ricardo Melo,PV,15
Sara Braga,PRB,14
Ray,PRTB,13
Luciana Arantes,PT,13
Enfermeiro Alexandre Borges,PEN,13
Pastor Edson Barbosa,PPL,13
Anaiza Gomes,PPL,13
Sidnei,PPS,12
Carmem Nascimento,PC do B,12
Edson Ribeiro,PPL,12
Eliene Felipe,PRP,11
Cristiane Silva,PSOL,11
Marly Catalógos,PTC,10
Wando Wanderley Neto,PSB,10
Aninha Soares,PCO,10
Ana Rafaela,PHS,10
Adriana Freire,PPS,9
Renata Cybelle,PSDC,9
Mãe Ana,PHS,9
Pablo Castro,SD,8
Marcela Maria,PEN,8
Elza Rodrigues,PP,7
Ivania Tavares,PT,7
Roberta Padilha,PTC,5
Pinheiro Bahia,SD,5
Betinha Silva,SD,5
Ana Almeida,PP,4
Wellington Mídia,PSDC,4
Musa Madalayne Cavalcanti,PR,4
Ana Paula Lima,PCO,4
Priscila Ferreira,PMN,4
Fernanda Santos,PSDB,3
Erika Correia,PRP,3
Monique Alves,PMN,3
Noêmia,PEN,2
Matuto do Coque,PSDC,2
Luciana Moura,PTC,2
Renata Silva,PHS,2
Dona Fufu,PTC,1
Tania da Guabiraba,PSDC,1
Neco Recife,PTC,1
Galega de Santo Amaro,PSDC,1
Glória Maria,PHS,1
Leda,PMN,1
Andrea,PPL,1
Lindinalva Se Santana,DEM,1
Kelly,PPL,1
Denize Maria,PEN,0
Lindinalva Domingos,PSC,0
Jamerson Dantas,PSD,0
Néa,PRTB,0
Fabiola Maia,PRB,0
Sara Barbosa,PP,0
Josy Arruda,PRB,0
Euridice,PRTB,0
Patricia Braga,PP,0
Gilson Lima,PROS,0
Silvia Cristina,PRB,0
Maria Helena Cidadã Repórter,PV,0
Walter Freitas,PPS,0
Gildazio Moura,PT,0
Estela Sitio G. Imbiribeira,PPL,0
Inaldo Monteiro,PSOL,0
Vanda,PTB,0
Edson Axé,PT,0
Soares Fêu,PROS,0
Sergio Urt,PT,0
Fernando Acs (garrincha),PT,0
Raquel Lourenço,PMN,0
Aline Fagundes,PT,0
Samuel Luz Barbosa,PTB,0
André Frutuoso,PPS,0
Vanessa Silva,PHS,0
Benedito Serafim,PTB,0
Neyl Santos,PT,0
